ID_Empleado,Edad,Antiguedad_Anios,Departamento,Nivel_Salarial_USD,Compa_Ratio,Distancia_Oficina_KM,Horas_Extra_Mes,Meses_Desde_Ascenso,Dias_Vacaciones_Tomados_12M,Evaluacion_Desempeno,Indice_Satisfaccion,Fuga
E0001,44,11,Operations,6900,1.3,1,51,10,15,4,2,0
E0002,38,2,IT,5150,1.04,38,53,12,0,5,1,1
E0003,46,4,IT,6700,1.05,17,11,26,18,5,3,0
E0004,55,4,Sales,4800,0.87,2,23,19,9,1,2,1
E0005,37,17,IT,8000,0.86,38,37,9,8,4,2,0
E0006,37,1,R&D,3800,0.9,38,9,6,13,3,4,0
E0007,55,4,HR,5300,1.08,27,20,32,9,4,3,0
E0008,47,6,Sales,4950,0.65,27,22,48,0,3,2,1
E0009,35,5,Sales,7200,1.35,38,8,7,17,5,2,0
E0010,45,1,Operations,5700,1.35,36,4,0,9,4,4,0
E0011,35,6,R&D,4800,1.1,38,10,27,14,4,2,0
E0012,35,4,Sales,3350,0.91,27,28,38,22,2,3,0
E0013,42,7,Sales,3600,0.75,40,2,48,10,3,3,0
E0014,22,4,Operations,2500,0.99,40,10,40,14,4,4,1
E0015,22,4,Sales,1600,0.66,9,14,48,7,1,3,1
E0016,34,6,Operations,3250,0.84,38,5,18,8,4,4,0
E0017,29,4,Sales,3450,1.07,24,7,16,19,1,1,0
E0018,43,5,Sales,5600,1.02,22,53,10,9,4,2,1
E0019,30,11,R&D,8000,1.35,29,1,34,5,3,2,0
E0020,25,4,R&D,3450,1.05,3,34,16,7,4,2,1
E0021,54,3,R&D,5500,0.93,24,18,2,19,4,2,0
E0022,37,1,R&D,4950,1.26,38,31,12,10,3,2,0
E0023,40,7,IT,3050,0.73,15,24,34,15,2,3,1
E0024,25,7,Operations,2050,0.69,22,7,34,20,2,4,0
E0025,34,3,Sales,5300,1.14,40,53,24,2,4,3,1
E0026,41,4,R&D,4800,0.97,22,24,48,5,4,4,0
E0027,28,3,IT,4000,0.93,22,51,1,9,4,3,0
E0028,43,7,R&D,4600,0.89,22,20,0,6,4,2,0
E0029,33,1,Sales,3950,1.0,26,51,6,9,3,3,0
E0030,37,4,Operations,3000,0.82,30,34,19,11,3,1,1
E0031,33,7,HR,2800,1.08,37,51,42,9,1,1,1
E0032,58,4,HR,3600,0.67,23,21,5,8,3,3,0
E0033,39,6,Sales,5750,1.04,38,24,35,7,5,5,0
E0034,29,3,Sales,6800,1.35,26,37,20,1,4,4,0
E0035,48,8,HR,4150,0.93,20,50,45,8,3,1,1
E0036,27,6,Sales,4250,1.07,31,54,34,8,4,4,0
E0037,42,1,R&D,4400,0.95,33,17,3,9,4,4,0
E0038,22,4,HR,2600,1.08,27,48,7,0,3,3,0
E0039,26,3,R&D,3100,1.14,3,7,3,12,1,4,0
E0040,41,3,IT,4650,1.02,12,23,15,6,2,3,0
E0041,47,5,Operations,5400,1.16,18,10,2,12,4,2,0
E0042,41,4,Operations,4600,1.1,17,18,6,5,5,3,0
E0043,38,5,Sales,5300,0.98,32,53,1,5,4,3,0
E0044,36,1,Sales,3350,1.06,1,7,0,26,2,3,0
E0045,25,4,R&D,2150,0.65,36,28,0,4,3,3,1
E0046,32,3,Sales,8000,1.35,16,27,6,15,4,5,0
E0047,35,3,IT,5700,1.21,19,5,23,21,4,4,0
E0048,50,5,Sales,5000,0.84,26,17,15,13,4,4,0
E0049,43,12,R&D,7300,1.17,15,26,35,22,4,4,0
E0050,22,3,R&D,1850,0.69,38,7,36,7,1,5,1
E0051,43,6,Operations,4250,0.91,8,51,17,8,4,1,1
E0052,36,6,Sales,3550,0.83,22,54,23,5,4,2,0
E0053,33,5,R&D,4050,0.99,38,7,31,5,3,3,0
E0054,46,5,Sales,4000,0.65,29,10,44,10,4,4,0
E0055,50,5,IT,6650,0.99,18,18,32,7,3,3,0
E0056,49,2,Sales,5500,1.26,22,34,9,12,2,4,0
E0057,31,5,IT,3500,0.8,32,9,8,18,3,2,0
E0058,36,5,Operations,3500,1.13,40,1,48,0,2,2,0
E0059,43,4,R&D,3800,0.75,38,23,45,7,3,4,0
E0060,49,3,Operations,5000,1.21,21,50,36,0,3,2,1
E0061,35,2,Sales,3700,0.92,40,18,23,11,4,3,0
E0062,38,3,IT,5550,1.2,1,18,3,8,3,2,0
E0063,28,3,R&D,2200,0.65,2,51,27,5,3,3,0
E0064,28,5,R&D,2400,0.72,38,31,34,0,1,4,0
E0065,48,6,R&D,4650,0.72,15,34,44,17,4,3,0
E0066,53,4,Sales,6200,1.11,3,23,48,24,3,3,0
E0067,39,3,IT,5300,1.16,15,51,15,8,3,1,0
E0068,50,5,Sales,6850,0.99,22,34,45,15,4,4,0
E0069,43,7,Operations,4400,0.89,34,53,9,4,4,3,0
E0070,33,5,R&D,2250,0.65,29,34,13,2,4,3,1
E0071,43,13,IT,7100,0.88,15,33,38,6,3,4,0
E0072,55,5,Sales,7000,1.15,24,9,48,0,2,2,0
E0073,39,7,HR,8000,1.35,38,12,33,22,4,4,0
E0074,55,7,R&D,5850,0.87,38,34,23,12,3,3,0
E0075,22,3,Operations,2300,0.9,20,9,17,4,3,3,0
E0076,48,17,Sales,8000,1.11,40,23,15,7,2,2,0
E0077,40,4,Sales,4850,0.93,32,11,40,7,4,5,0
E0078,37,2,Sales,5150,1.35,3,48,4,10,2,4,0
E0079,40,5,Operations,4000,0.97,2,5,48,1,5,2,1
E0080,22,3,Sales,3400,0.87,12,53,24,2,4,3,0
E0081,37,13,HR,5600,1.29,33,25,20,15,3,4,0
E0082,43,13,Sales,8000,1.32,14,10,23,10,4,4,0
E0083,54,4,IT,8000,1.16,25,26,19,3,4,4,0
E0084,34,1,IT,3900,0.91,8,12,3,0,4,3,1
E0085,31,3,R&D,5050,1.35,38,12,17,9,3,4,1
E0086,34,7,R&D,3250,0.79,21,18,3,5,4,3,0
E0087,49,3,Sales,3550,0.65,38,2,35,1,3,2,0
E0088,43,5,Sales,8000,1.35,40,54,5,10,5,3,0
E0089,34,2,Sales,3900,0.98,1,1,2,15,3,5,0
E0090,45,3,Operations,5150,1.18,24,31,17,11,3,2,1
E0091,40,1,HR,3500,1.0,2,18,7,17,4,3,0
E0092,49,5,IT,6550,1.0,38,33,17,6,4,4,0
E0093,32,4,R&D,3050,0.7,26,18,34,24,4,3,0
E0094,36,3,Operations,3100,1.06,6,31,34,2,2,4,0
E0095,36,7,R&D,6500,1.35,9,32,23,4,3,4,1
E0096,25,4,R&D,4250,1.1,22,34,25,1,5,1,1
E0097,42,17,Sales,8000,1.07,40,5,20,13,4,5,0
E0098,42,5,R&D,6250,1.21,32,34,23,21,4,4,0
E0099,40,2,R&D,2650,0.8,38,9,24,4,1,4,0
E0100,37,1,Operations,4100,1.2,22,1,12,5,3,3,0
E0101,25,6,IT,4100,1.04,3,20,31,3,4,4,1
E0102,35,12,R&D,5600,1.06,40,21,11,2,4,2,1
E0103,36,3,Sales,6400,1.35,1,21,4,3,2,3,0
E0104,31,13,R&D,6700,1.11,40,34,6,0,4,4,0
E0105,38,3,HR,3050,0.91,22,12,21,1,4,2,0
E0106,44,4,Sales,5100,1.08,1,10,38,14,3,1,0
E0107,58,9,Operations,6400,0.96,32,2,25,12,3,4,0
E0108,41,4,IT,7550,1.35,40,31,38,3,3,4,0
E0109,42,4,IT,5650,0.97,40,26,44,8,4,2,0
E0110,39,7,Sales,8000,1.35,12,15,34,27,2,4,0
E0111,22,4,IT,2300,0.79,14,31,37,3,2,4,1
E0112,39,14,Operations,5900,1.25,27,26,34,8,4,3,0
E0113,40,3,R&D,3250,0.77,30,21,12,23,2,4,0
E0114,60,6,HR,4700,0.82,35,21,25,4,3,3,0
E0115,38,6,Operations,3550,0.9,14,30,2,5,3,2,0
E0116,43,0,R&D,3800,0.7,40,34,0,1,4,2,0
E0117,39,3,R&D,7200,1.35,30,12,28,23,4,3,0
E0118,28,5,R&D,5300,1.35,38,7,1,24,3,3,0
E0119,51,4,HR,5150,1.03,26,10,48,17,4,4,0
E0120,47,3,Sales,5000,0.98,22,33,36,4,4,4,0
E0121,47,3,IT,4050,0.7,40,50,36,4,2,3,1
E0122,30,7,Operations,3900,1.29,27,17,48,5,2,4,0
E0123,54,3,Operations,5150,1.16,38,7,5,19,3,2,0
E0124,25,3,Sales,3300,1.01,40,34,10,15,3,1,1
E0125,45,3,HR,4600,1.14,32,53,36,2,4,4,0
E0126,60,6,Sales,8000,1.02,27,53,16,10,4,1,0
E0127,30,12,Sales,4950,0.98,1,25,2,4,3,2,0
E0128,34,6,R&D,3200,0.66,2,50,43,6,2,4,0
E0129,40,2,R&D,3000,0.65,15,1,13,15,3,3,0
E0130,34,7,HR,4050,1.11,15,5,48,5,4,4,0
E0131,24,4,Sales,6000,1.35,16,2,21,0,3,2,0
E0132,40,4,R&D,3750,0.74,18,34,28,0,4,1,1
E0133,29,1,Sales,4100,1.33,22,2,11,15,2,2,0
E0134,44,15,IT,7200,0.92,22,24,43,25,4,3,0
E0135,30,6,HR,3050,1.02,9,24,4,23,4,3,0
E0136,55,1,Operations,5700,1.22,3,10,9,13,3,3,0
E0137,32,5,R&D,3750,0.98,32,50,9,9,3,4,1
E0138,36,5,Sales,5850,1.06,26,10,8,7,5,4,0
E0139,48,1,IT,5350,0.92,22,15,4,26,3,2,0
E0140,27,3,R&D,3200,0.85,30,37,12,12,4,3,0
E0141,42,4,R&D,5250,1.16,38,1,9,15,2,3,0
E0142,53,11,Operations,6800,1.0,22,34,37,23,4,5,0
E0143,23,2,Sales,2050,0.65,30,48,10,15,2,5,0
E0144,41,4,Operations,3850,0.9,40,53,3,0,5,2,1
E0145,42,4,HR,1800,0.65,38,53,48,5,4,4,0
E0146,47,5,Sales,6150,1.0,22,13,30,15,4,3,0
E0147,27,5,Sales,5850,1.35,30,27,48,21,4,1,0
E0148,26,1,Sales,2800,0.89,14,5,3,9,4,1,0
E0149,45,4,IT,6200,1.29,27,8,43,9,3,3,0
E0150,42,3,Operations,4750,1.27,40,5,34,6,4,3,0
E0151,42,3,Sales,4750,0.75,26,13,36,14,5,1,1
E0152,43,6,Sales,7750,1.35,38,50,7,17,3,4,1
E0153,33,3,Operations,3750,0.94,22,18,36,7,5,2,1
E0154,42,3,HR,6300,1.35,40,26,32,6,4,3,0
E0155,42,2,R&D,3150,0.69,27,21,7,14,4,2,0
E0156,32,14,R&D,5150,0.95,3,21,45,11,3,2,0
E0157,58,4,Sales,6200,0.87,27,51,13,12,3,3,0
E0158,44,3,Operations,3250,0.86,17,9,33,2,1,2,0
E0159,28,4,IT,4700,1.01,2,28,21,4,3,3,0
E0160,46,5,Sales,8000,1.26,38,21,41,15,4,2,0
E0161,30,6,HR,3450,1.22,17,2,14,3,3,3,0
E0162,47,17,R&D,8000,1.17,37,21,12,16,3,2,0
E0163,51,4,R&D,5050,0.88,18,51,20,10,5,4,0
E0164,31,4,Sales,2500,0.71,15,2,46,19,3,4,1
E0165,49,6,Operations,6500,1.24,40,2,31,7,3,2,0
E0166,44,3,R&D,3650,0.75,22,7,20,5,2,3,0
E0167,48,4,HR,6900,1.35,27,34,13,16,2,1,0
E0168,58,6,R&D,8000,1.04,28,34,10,14,4,3,0
E0169,37,6,Sales,5700,1.13,27,26,1,0,4,2,0
E0170,32,3,Sales,4750,1.05,38,24,33,3,4,3,0
E0171,31,2,Operations,3050,1.12,32,50,11,22,2,3,0
E0172,31,8,Sales,4250,0.94,22,37,48,5,4,5,0
E0173,39,4,Operations,2450,0.65,38,48,16,9,3,3,0
E0174,43,14,R&D,5850,0.81,14,48,13,6,3,3,0
E0175,42,4,R&D,3800,1.07,27,30,24,21,1,3,0
E0176,48,1,R&D,3600,0.82,40,19,10,16,2,5,0
E0177,40,10,R&D,4000,0.9,29,50,24,17,3,4,0
E0178,54,6,Sales,4850,0.81,38,50,31,0,2,2,1
E0179,37,1,R&D,6050,1.35,30,4,12,26,5,4,0
E0180,60,8,Operations,7700,1.11,38,1,11,9,3,3,0
E0181,46,6,Operations,4350,0.99,40,50,48,20,2,4,0
E0182,31,3,R&D,4250,1.05,17,9,17,6,3,4,0
E0183,29,0,R&D,2650,0.66,12,53,0,5,4,2,1
E0184,44,4,Sales,3750,0.86,24,15,36,3,2,4,1
E0185,37,5,Sales,5500,1.1,32,5,30,16,4,2,0
E0186,47,2,Sales,4700,0.76,15,5,4,0,5,2,0
E0187,44,2,IT,5000,0.95,1,7,5,2,3,2,0
E0188,39,4,Sales,3350,0.7,21,8,40,8,3,4,0
E0189,31,3,Sales,2100,0.74,40,21,14,0,1,2,1
E0190,24,6,Sales,5000,1.29,32,34,41,0,4,1,1
E0191,35,7,Sales,6150,1.23,22,51,48,4,3,4,0
E0192,48,3,Operations,3700,0.92,15,18,25,19,3,2,0
E0193,42,17,Sales,5200,0.86,22,21,11,5,3,2,0
E0194,27,1,Sales,2100,0.65,12,24,8,9,4,2,1
E0195,41,12,Operations,8000,1.35,9,23,46,2,3,3,0
E0196,43,3,R&D,4250,1.1,38,21,13,7,2,3,0
E0197,31,3,Operations,3000,0.75,40,4,0,10,4,1,1
E0198,41,2,HR,3300,1.07,12,4,16,23,4,5,0
E0199,40,0,Sales,2800,0.71,3,5,0,21,4,4,0
E0200,28,10,Operations,4050,1.25,20,2,47,17,2,3,0
E0201,43,3,Sales,8000,1.35,23,34,28,9,4,2,1
E0202,45,4,HR,3450,0.73,15,10,44,6,4,3,0
E0203,50,3,R&D,8000,1.35,18,50,30,10,2,3,0
E0204,50,5,Sales,6200,1.01,15,53,7,0,4,2,0
E0205,26,6,HR,4350,1.35,36,51,42,0,3,2,1
E0206,30,3,IT,5200,1.14,33,53,27,4,5,4,0
E0207,45,2,IT,4850,0.94,30,9,15,10,2,2,0
E0208,45,3,HR,6400,1.35,22,24,15,8,4,3,0
E0209,45,3,R&D,5750,1.09,38,7,17,15,3,4,0
E0210,60,13,Sales,8000,0.65,40,51,34,14,5,4,0
E0211,45,6,Sales,3400,0.65,13,50,44,0,3,3,0
E0212,51,7,R&D,5050,0.66,15,53,18,11,5,4,0
E0213,49,2,R&D,6700,1.09,26,21,12,12,5,1,0
E0214,46,4,IT,7850,1.35,8,34,16,20,3,4,0
E0215,36,3,R&D,4600,1.28,22,5,18,13,4,3,0
E0216,47,6,R&D,5750,0.95,27,4,24,16,5,4,0
E0217,32,14,R&D,3450,0.73,26,34,37,22,3,5,0
E0218,37,5,Operations,3100,0.77,20,18,30,8,3,5,0
E0219,35,14,Operations,5700,1.16,26,55,35,5,4,4,0
E0220,40,1,HR,2500,0.77,40,2,3,0,3,3,0
E0221,60,2,R&D,3850,0.66,15,50,23,3,1,3,0
E0222,22,4,Operations,2750,1.18,30,21,38,12,3,3,0
E0223,46,5,Sales,7750,1.35,3,50,6,22,3,4,0
E0224,23,3,IT,4100,1.26,3,48,15,1,3,4,0
E0225,35,1,R&D,3600,0.98,27,50,12,6,2,2,0
E0226,50,1,R&D,5600,0.93,9,12,4,13,4,4,0
E0227,40,4,R&D,5650,1.16,2,53,48,3,4,4,0
E0228,29,8,Operations,3200,0.95,12,7,22,6,2,5,0
E0229,32,3,Sales,3900,0.98,27,5,35,11,4,4,0
E0230,46,6,IT,7750,1.28,32,21,31,10,4,2,0
E0231,32,1,R&D,4000,0.98,15,53,12,16,5,2,1
E0232,42,4,R&D,2800,0.77,32,21,24,3,1,2,1
E0233,40,4,Sales,6700,1.35,14,50,44,13,3,2,0
E0234,33,6,R&D,3250,0.65,29,35,45,8,5,3,0
E0235,60,11,R&D,8000,0.81,22,10,18,19,5,4,0
E0236,46,7,R&D,6950,1.17,30,53,21,11,4,4,0
E0237,22,2,Operations,2250,0.89,40,5,11,0,4,3,0
E0238,41,5,R&D,4300,1.01,40,50,48,0,2,1,1
E0239,33,6,IT,4600,0.9,1,12,16,0,4,2,0
E0240,48,7,HR,5400,1.29,38,21,1,3,3,1,1
E0241,32,5,Operations,4200,1.27,3,18,15,14,3,3,0
E0242,38,4,Sales,5600,1.27,40,10,38,5,4,3,0
E0243,45,5,R&D,5500,1.18,17,15,17,10,2,1,0
E0244,48,5,R&D,5200,0.88,22,7,48,6,3,3,0
E0245,27,3,HR,5000,1.35,8,10,0,11,5,2,0
E0246,36,1,IT,5550,1.3,9,7,2,12,3,3,0
E0247,35,4,Sales,4650,0.96,33,24,20,20,5,3,0
E0248,33,8,Sales,7100,1.34,40,51,29,9,5,3,0
E0249,57,13,IT,8000,0.83,28,26,10,9,4,3,0
E0250,44,2,Sales,3950,0.88,33,50,21,9,2,5,0
E0251,27,4,Operations,2800,0.81,36,30,46,0,3,2,1
E0252,49,3,HR,5300,1.24,16,31,36,4,3,3,0
E0253,60,13,Operations,7550,1.09,3,31,2,9,3,4,0
E0254,50,2,Sales,5550,1.07,1,18,23,17,3,3,0
E0255,24,6,Sales,6500,1.35,22,34,48,16,5,5,0
E0256,35,15,HR,7900,1.35,15,2,35,22,2,3,0
E0257,52,4,IT,5850,0.87,3,53,22,0,4,3,0
E0258,32,3,R&D,2900,1.01,14,34,7,2,1,1,1
E0259,44,7,R&D,6000,1.0,9,11,3,26,4,3,0
E0260,47,4,HR,4900,1.01,38,37,48,4,5,2,0
E0261,30,3,IT,4300,1.09,10,1,30,2,3,2,0
E0262,39,10,Operations,4150,0.88,26,7,28,17,3,3,0
E0263,22,2,IT,2650,0.81,27,5,3,4,4,3,0
E0264,29,3,Sales,6350,1.35,27,37,12,1,4,1,1
E0265,37,3,Sales,5500,1.32,9,37,8,5,4,4,0
E0266,27,5,HR,2550,0.85,20,48,20,3,3,3,0
E0267,56,4,Operations,5750,0.91,3,1,2,2,3,2,0
E0268,25,5,R&D,6850,1.35,22,24,24,25,5,3,0
E0269,35,7,Sales,4750,0.84,15,34,24,14,5,4,0
E0270,41,3,Operations,4000,1.03,27,7,11,12,3,3,0
E0271,54,5,Sales,4850,0.73,32,33,28,11,4,3,0
E0272,25,2,R&D,3100,1.05,26,2,22,23,3,3,0
E0273,51,6,R&D,6800,1.28,22,7,10,8,3,3,0
E0274,40,5,HR,2450,0.69,22,21,48,11,2,5,0
E0275,30,6,Operations,3300,1.05,38,31,25,14,3,4,0
E0276,44,13,R&D,8000,1.22,15,10,13,5,4,1,0
E0277,41,2,HR,3100,0.88,35,7,15,4,1,3,0
E0278,33,11,HR,2900,0.72,36,7,9,14,3,4,1
E0279,40,2,HR,3900,1.0,22,11,16,10,4,1,0
E0280,36,3,Operations,4400,1.21,18,11,19,8,4,5,0
E0281,41,2,Sales,5050,1.07,24,18,19,10,4,5,0
E0282,46,7,Sales,8000,1.21,8,34,43,13,5,1,1
E0283,55,2,Sales,4050,0.78,3,18,8,4,1,5,0
E0284,27,4,Sales,4550,1.15,9,37,14,19,4,3,0
E0285,60,14,R&D,7500,0.77,15,34,8,23,4,4,0
E0286,22,4,Operations,2050,0.67,24,6,6,13,4,3,0
E0287,38,4,Operations,4550,1.29,38,1,25,24,3,3,0
E0288,45,6,Operations,4100,0.89,15,50,23,1,2,3,0
E0289,42,4,R&D,5050,0.86,39,5,11,0,5,4,0
E0290,33,7,R&D,3350,0.8,40,7,19,1,3,1,0
E0291,37,2,R&D,5350,1.22,40,4,23,15,4,3,0
E0292,35,4,Sales,3250,0.65,38,31,13,5,4,2,0
E0293,34,5,Sales,6150,1.35,22,27,21,10,4,3,0
E0294,48,5,HR,5100,1.08,4,54,15,3,4,3,0
E0295,43,1,IT,3550,0.65,27,53,12,0,4,3,0
E0296,33,5,Sales,4400,1.04,27,17,46,18,3,3,0
E0297,48,13,Sales,8000,0.96,38,18,18,20,4,2,1
E0298,43,4,Operations,6050,1.35,40,12,34,14,4,2,0
E0299,48,2,Sales,4100,0.76,25,7,10,9,3,1,0
E0300,46,5,Operations,5350,1.15,22,6,31,14,3,3,0
E0301,31,8,Operations,2400,0.67,15,3,32,7,2,5,0
E0302,34,4,IT,3800,0.83,1,5,48,0,5,2,0
E0303,47,9,R&D,5350,1.0,25,8,19,19,2,5,0
E0304,46,3,Operations,5250,1.01,27,12,24,14,4,4,0
E0305,39,13,R&D,7350,1.35,38,51,34,4,3,3,1
E0306,41,0,Operations,4200,1.24,24,23,0,19,3,3,0
E0307,52,4,R&D,6950,1.17,38,54,41,12,4,4,0
E0308,34,4,Sales,2550,0.74,30,15,34,1,2,2,0
E0309,45,11,R&D,6800,1.03,38,22,40,19,4,3,0
E0310,37,3,R&D,5750,1.35,11,17,5,22,4,4,0
E0311,37,4,Operations,4500,1.11,38,10,48,2,4,3,0
E0312,50,7,Operations,4850,1.09,32,7,15,17,2,4,0
E0313,48,4,Operations,5900,1.13,12,53,4,3,5,1,1
E0314,48,3,Sales,6250,0.97,15,54,33,1,4,4,0
E0315,53,1,Operations,3300,0.7,38,4,5,19,5,3,0
E0316,40,5,R&D,6200,1.34,2,7,32,6,3,3,0
E0317,46,7,IT,6500,0.98,24,21,14,0,4,3,0
E0318,36,4,IT,6600,1.21,20,10,14,0,5,3,0
E0319,43,4,Sales,3400,0.65,32,18,13,0,5,4,0
E0320,38,1,Operations,5100,1.35,38,3,6,5,3,3,0
E0321,40,8,Sales,4050,0.69,22,18,4,15,3,4,0
E0322,45,4,R&D,8000,1.35,22,9,25,6,3,3,0
E0323,31,11,HR,6400,1.35,40,15,48,13,3,2,0
E0324,60,11,Sales,6150,0.75,36,2,16,12,3,1,0
E0325,29,2,Operations,3600,1.22,38,18,10,1,3,1,0
E0326,27,9,Sales,3800,0.93,22,54,46,14,4,3,1
E0327,51,0,Sales,3800,0.79,15,14,0,14,2,3,0
E0328,47,7,HR,4100,0.94,22,53,15,8,4,4,0
E0329,46,4,Operations,4350,1.03,33,50,34,1,2,4,1
E0330,46,7,IT,6550,1.05,9,50,37,10,3,1,1
E0331,39,6,Operations,2750,0.74,16,42,22,21,2,2,1
E0332,31,5,Operations,3800,1.13,3,31,12,2,3,2,0
E0333,40,7,R&D,5200,0.96,22,53,32,5,4,3,0
E0334,33,6,Sales,3400,0.65,38,5,28,8,5,2,0
E0335,49,18,Sales,8000,0.81,2,21,45,1,3,2,0
E0336,38,4,HR,5050,1.35,32,51,33,11,3,5,0
E0337,31,2,Operations,2750,0.95,38,34,1,5,3,4,0
E0338,36,8,R&D,3350,0.65,15,54,26,2,4,2,1
E0339,44,16,Operations,8000,1.26,32,37,14,15,4,3,0
E0340,34,2,R&D,3300,0.8,40,53,17,0,4,3,0
E0341,31,5,Sales,4800,1.19,40,34,23,6,4,4,0
E0342,42,4,Sales,5150,0.87,15,37,25,7,4,3,0
E0343,42,3,Operations,4900,1.35,9,22,15,0,1,2,0
E0344,34,4,Operations,3300,0.95,11,50,35,14,3,4,0
E0345,35,3,IT,3950,0.8,32,52,4,16,5,3,0
E0346,42,3,Sales,4600,1.02,33,53,19,0,4,2,1
E0347,25,6,IT,3250,0.77,32,34,19,12,4,3,1
E0348,25,3,Sales,3600,1.05,20,12,22,6,4,3,1
E0349,32,3,Sales,6100,1.35,12,1,9,15,3,3,0
E0350,37,3,IT,6750,1.35,27,53,15,0,4,2,1
E0351,43,5,R&D,8000,1.35,24,27,24,9,4,3,0
E0352,54,3,Operations,5400,1.06,33,9,24,8,3,1,1
E0353,48,4,Sales,6200,1.01,22,10,29,7,4,4,0
E0354,38,3,HR,2750,0.83,20,53,13,0,4,2,1
E0355,39,3,IT,4500,1.0,18,50,21,4,2,1,1
E0356,29,6,R&D,3800,1.01,15,48,42,13,3,3,0
E0357,39,4,Operations,4600,1.19,16,30,27,8,3,4,0
E0358,37,7,Sales,4100,0.82,8,18,29,12,4,4,0
E0359,43,0,HR,3200,0.97,22,9,0,11,3,3,0
E0360,31,6,R&D,3050,0.65,2,4,33,6,4,2,1
E0361,45,3,Sales,5950,1.18,15,53,19,0,4,4,0
E0362,55,4,R&D,6950,1.17,36,2,48,15,3,4,0
E0363,38,3,Sales,3550,0.69,20,31,35,7,5,2,1
E0364,44,5,IT,4750,0.78,32,24,14,17,5,4,0
E0365,46,13,R&D,4450,0.65,33,23,25,14,2,2,1
E0366,35,2,Sales,3800,1.12,27,50,21,0,3,5,0
E0367,42,1,R&D,3600,0.72,40,4,12,2,5,4,0
E0368,40,4,R&D,7700,1.31,2,37,23,1,5,4,0
E0369,40,9,Operations,4650,1.22,35,1,21,17,2,5,0
E0370,32,2,IT,3750,1.06,40,1,24,14,1,4,0
E0371,40,6,R&D,2900,0.75,38,18,27,18,2,2,0
E0372,44,5,IT,8000,1.26,12,5,30,18,5,3,0
E0373,54,3,HR,4550,0.99,20,34,35,13,2,1,1
E0374,49,3,Sales,4950,0.86,13,26,8,14,4,3,0
E0375,60,2,Operations,3900,0.68,27,4,9,25,4,4,0
E0376,32,4,R&D,3100,1.05,32,1,36,13,1,3,1
E0377,48,3,Operations,4250,0.93,20,28,33,21,4,3,0
E0378,41,1,IT,4000,0.78,26,48,12,3,3,3,0
E0379,60,5,R&D,6150,0.91,32,21,42,0,4,4,0
E0380,31,4,IT,4950,1.18,22,23,48,11,3,1,1
E0381,31,7,Operations,2100,0.69,38,51,10,23,4,3,0
E0382,34,4,R&D,6350,1.35,36,28,32,3,4,2,1
E0383,22,4,HR,3200,1.31,3,7,45,5,3,4,0
E0384,34,4,R&D,3450,0.96,29,25,0,4,1,2,0
E0385,32,3,IT,3950,0.94,15,28,20,15,3,4,0
E0386,41,0,Operations,4500,1.23,27,33,0,0,3,2,0
E0387,43,4,Sales,5400,1.1,40,28,22,10,4,2,1
E0388,58,1,R&D,5750,0.8,38,54,8,21,4,5,0
E0389,49,3,HR,5200,1.35,22,7,8,20,3,1,0
E0390,34,13,Sales,8000,1.35,18,53,0,11,4,3,0
E0391,31,2,Sales,3200,0.91,15,26,20,0,4,1,1
E0392,44,5,R&D,6100,1.13,26,34,21,3,4,3,0
E0393,26,5,R&D,2750,0.71,9,2,3,6,3,3,0
E0394,58,5,R&D,7250,1.08,27,15,0,7,3,3,0
E0395,51,3,Sales,4550,0.85,1,34,9,11,3,2,0
E0396,35,4,Sales,6400,1.35,20,34,14,1,4,3,0
E0397,22,0,Operations,2350,1.01,15,1,0,21,3,4,0
E0398,53,3,R&D,5500,1.09,40,23,35,24,3,4,0
E0399,38,3,Sales,5900,1.35,33,2,28,0,2,3,0
E0400,52,8,R&D,5850,0.86,22,55,45,24,4,3,0
E0401,24,4,HR,3050,1.07,8,50,4,9,3,2,0
E0402,34,14,Sales,5100,0.85,26,1,41,16,3,2,0
E0403,40,4,Sales,6300,1.32,15,50,46,0,3,2,1
E0404,40,2,Sales,6800,1.35,26,50,24,3,3,2,0
E0405,35,5,Operations,3800,0.89,38,18,26,2,4,2,0
E0406,46,2,Operations,2300,0.65,29,31,24,9,3,3,1
E0407,29,5,Operations,2750,0.85,30,18,15,1,3,3,0
E0408,38,3,Operations,7300,1.35,26,34,15,13,4,5,0
E0409,41,4,Operations,3400,0.85,38,14,48,5,3,2,0
E0410,45,6,R&D,7400,1.35,38,12,34,2,2,3,0
E0411,47,3,Operations,4450,0.85,26,21,0,13,5,4,0
E0412,28,9,Sales,3850,0.9,19,7,4,19,3,3,0
E0413,24,4,HR,3150,1.29,23,50,40,0,3,2,0
E0414,52,4,Operations,4650,1.23,15,15,19,0,1,2,0
E0415,43,1,R&D,5250,1.17,30,17,4,21,3,1,0
E0416,32,7,R&D,4750,1.06,24,53,35,9,4,2,0
E0417,55,4,Sales,8000,1.24,9,24,28,7,4,4,0
E0418,41,4,Operations,5550,1.19,15,26,47,9,4,1,0
E0419,51,4,Operations,5700,1.35,24,50,33,3,2,2,1
E0420,40,3,IT,4050,0.95,38,50,17,0,3,4,0
E0421,60,1,R&D,8000,1.07,27,10,1,13,4,4,0
E0422,57,3,Operations,5450,0.91,32,24,15,16,5,3,0
E0423,37,9,HR,3400,0.93,20,51,28,13,2,4,0
E0424,49,2,IT,5100,0.9,27,15,0,2,3,3,0
E0425,46,17,R&D,6100,0.85,22,15,15,21,3,2,0
E0426,53,2,R&D,3100,0.7,31,7,2,5,2,3,0
E0427,30,5,HR,4050,1.35,3,2,46,26,3,3,0
E0428,46,0,Operations,2850,0.76,24,34,0,1,2,5,0
E0429,50,3,IT,5800,0.96,18,37,16,8,4,1,0
E0430,22,4,Sales,3100,0.92,20,54,3,13,4,3,0
E0431,28,6,Sales,3450,0.88,40,34,48,3,2,3,1
E0432,22,4,IT,2550,1.02,14,8,3,15,1,3,0
E0433,37,5,R&D,6650,1.35,19,4,24,12,4,1,1
E0434,47,5,HR,3150,0.91,25,51,39,0,2,2,0
E0435,55,5,R&D,8000,1.22,38,17,13,16,4,4,0
E0436,40,2,Sales,5800,1.35,22,10,23,12,3,3,0
E0437,56,19,Operations,8000,0.84,36,53,10,11,4,3,1
E0438,26,5,Operations,3350,0.98,38,24,24,21,3,2,1
E0439,22,1,R&D,3000,1.14,19,7,11,16,2,2,0
E0440,39,4,R&D,5400,1.23,22,50,17,4,3,3,0
E0441,43,15,Operations,7600,1.26,22,52,48,13,3,4,0
E0442,39,3,Sales,4650,1.12,38,2,36,4,3,5,0
E0443,22,4,IT,3050,0.82,3,53,9,13,4,3,0
E0444,39,3,Sales,5200,1.1,19,15,35,24,3,3,0
E0445,26,4,HR,2050,0.97,32,22,30,6,1,4,0
E0446,46,3,IT,2900,0.65,27,53,36,13,4,3,1
E0447,43,1,Operations,4450,1.04,22,54,1,8,4,3,0
E0448,30,5,R&D,3950,0.99,26,11,48,2,5,2,0
E0449,34,3,Operations,3300,1.1,15,10,5,20,4,4,0
E0450,29,2,R&D,3400,0.92,22,2,6,10,3,3,0
E0451,39,2,Sales,3200,0.67,24,26,5,9,4,4,0
E0452,49,4,IT,7250,1.09,38,4,11,16,5,4,0
E0453,30,2,Operations,3050,1.13,16,20,8,0,4,2,0
E0454,45,4,Operations,3400,0.74,38,2,33,8,3,4,0
E0455,34,3,R&D,3900,0.94,30,17,24,21,3,4,0
E0456,32,2,Sales,2450,0.65,2,1,16,17,3,3,0
E0457,38,3,Sales,4900,1.14,33,53,32,8,4,2,0
E0458,29,10,HR,4350,1.15,2,10,40,8,4,1,1
E0459,34,4,Operations,4150,1.05,40,17,8,12,4,3,0
E0460,28,5,HR,3200,1.26,38,50,20,26,2,3,0
E0461,59,3,Operations,7750,1.33,18,37,1,4,4,3,0
E0462,40,14,Sales,7200,1.14,16,10,37,6,4,2,0
E0463,33,4,R&D,5200,1.35,22,2,8,12,3,4,0
E0464,42,3,Sales,5050,1.01,22,34,2,0,4,2,0
E0465,38,6,R&D,3900,0.85,22,15,15,0,3,2,0
E0466,37,3,Sales,4750,0.84,20,37,24,18,5,3,0
E0467,46,5,IT,6650,1.07,29,21,23,24,4,3,0
E0468,47,13,Sales,8000,1.05,12,17,46,13,4,2,0
E0469,34,0,IT,4200,0.98,38,21,0,9,4,2,0
E0470,34,6,R&D,4450,0.78,38,37,28,17,5,2,1
E0471,37,3,IT,6400,1.35,24,50,36,12,3,4,0
E0472,22,2,HR,1650,0.72,38,1,5,5,3,4,0
E0473,24,6,IT,3650,0.97,15,25,34,3,4,3,1
E0474,53,6,Sales,7900,1.35,1,1,22,3,3,4,0
E0475,56,1,Operations,7200,1.35,29,21,3,0,3,4,0
E0476,37,6,IT,6200,1.12,23,53,41,1,4,2,1
E0477,45,12,Sales,7950,1.09,27,18,13,5,4,5,0
E0478,43,2,Sales,4300,0.84,38,50,20,0,3,4,0
E0479,60,12,R&D,8000,1.01,40,28,46,0,3,2,1
E0480,51,3,IT,5950,1.18,30,50,17,8,3,2,0
E0481,38,4,HR,2750,0.77,36,34,7,0,3,2,1
E0482,30,3,R&D,3000,0.82,8,2,18,10,2,2,0
E0483,23,3,Sales,2950,0.92,12,11,1,0,4,4,0
E0484,42,1,Sales,4400,1.02,35,15,0,18,3,3,0
E0485,32,4,Operations,3500,1.09,22,7,48,23,3,4,0
E0486,25,7,Sales,5950,1.35,22,21,37,14,3,4,0
E0487,33,6,Operations,3850,0.81,19,24,12,19,5,3,0
E0488,29,6,IT,4100,0.87,27,50,41,23,3,4,0
E0489,56,15,Sales,8000,0.96,15,18,43,9,2,1,0
E0490,48,3,Operations,6100,1.35,30,34,23,15,2,2,0
E0491,39,2,Sales,5350,1.12,13,53,5,8,4,3,0
E0492,54,5,HR,4750,1.13,3,53,45,9,4,1,0
E0493,40,6,Sales,4450,0.87,20,7,32,4,3,1,1
E0494,31,0,Operations,1800,0.65,15,21,0,11,3,4,0
E0495,55,6,R&D,4500,0.77,38,15,43,19,2,4,0
E0496,45,3,R&D,5350,1.11,3,20,22,6,4,2,0
E0497,29,4,HR,3000,0.94,14,18,9,17,4,4,0
E0498,38,4,Sales,4750,1.13,27,50,48,0,2,4,0
E0499,31,13,Operations,3900,1.08,24,18,14,7,2,2,1
E0500,26,8,R&D,3000,0.94,3,22,22,3,2,1,1
E0501,49,1,Operations,4050,1.06,1,51,7,0,2,5,0
E0502,59,5,Sales,8000,1.24,40,5,35,5,4,3,0
E0503,26,2,Operations,2600,1.1,31,21,24,0,3,2,1
E0504,45,2,Sales,4950,0.91,22,34,0,3,3,3,0
E0505,33,13,R&D,6050,1.15,24,7,7,15,2,4,0
E0506,35,17,Sales,7150,1.04,16,28,16,4,5,2,0
E0507,34,1,Operations,4750,1.35,21,11,0,18,4,2,0
E0508,31,2,Sales,2500,0.66,30,50,1,11,3,2,1
E0509,40,4,IT,4400,0.86,38,14,46,16,3,5,0
E0510,31,6,IT,4100,0.88,14,14,5,3,3,2,0
E0511,42,1,Sales,4550,0.93,38,24,4,15,3,3,0
E0512,39,4,HR,1700,0.68,9,7,48,12,1,5,0
E0513,37,6,Sales,7350,1.35,15,12,40,18,4,2,0
E0514,30,3,R&D,4400,1.17,2,20,28,15,4,5,0
E0515,34,5,Operations,5800,1.25,11,18,34,11,5,5,0
E0516,47,3,Operations,5750,1.35,38,22,17,23,2,4,0
E0517,45,4,HR,3450,0.88,23,28,48,3,4,2,1
E0518,30,6,R&D,2350,0.65,7,26,47,5,4,3,0
E0519,40,2,R&D,5000,1.31,40,31,14,13,2,4,0
E0520,47,3,Sales,4750,0.91,38,9,14,6,3,5,0
E0521,23,3,Operations,1850,0.72,36,3,15,1,2,2,1
E0522,45,4,R&D,5650,0.91,38,34,32,16,3,4,0
E0523,33,9,Operations,7500,1.35,15,50,9,3,3,3,0
E0524,45,6,Sales,5900,1.02,38,11,18,7,4,2,0
E0525,32,6,R&D,5250,1.25,32,17,48,22,3,3,0
E0526,22,4,R&D,3100,0.83,38,24,2,2,5,4,0
E0527,23,1,Sales,1850,0.78,37,23,12,6,2,3,0
E0528,40,0,R&D,5950,1.27,22,34,0,5,5,3,0
E0529,42,9,Operations,5450,1.0,36,1,13,6,3,5,0
E0530,30,2,IT,3750,0.91,16,34,10,0,4,3,0
E0531,46,15,R&D,8000,1.15,20,2,48,10,3,3,0
E0532,23,4,R&D,1900,0.65,9,21,48,3,2,3,0
E0533,39,2,Sales,3500,0.81,39,53,24,0,4,3,1
E0534,27,4,IT,3350,0.77,18,18,15,14,3,4,1
E0535,33,0,Sales,3600,0.91,26,10,0,19,4,5,0
E0536,40,3,IT,7500,1.34,22,54,8,10,4,3,0
E0537,31,3,R&D,3700,1.0,40,50,24,9,3,4,0
E0538,36,4,R&D,3950,1.01,20,34,5,0,3,1,0
E0539,50,2,IT,4400,0.71,36,20,16,11,4,2,0
E0540,34,1,Sales,4500,1.27,38,7,10,4,2,3,0
E0541,48,0,HR,2900,0.75,22,53,0,0,4,1,1
E0542,28,2,HR,2300,0.77,22,26,11,10,5,2,1
E0543,45,6,Sales,4500,0.94,36,50,21,8,2,3,0
E0544,54,3,R&D,5250,1.05,38,14,36,0,2,1,1
E0545,22,4,Operations,2600,1.0,36,17,20,13,4,2,1
E0546,32,4,Operations,4000,1.23,15,51,32,21,3,3,0
E0547,45,2,Sales,4450,0.78,38,21,16,4,3,3,0
E0548,37,3,IT,5250,1.34,22,7,28,3,2,5,0
E0549,43,3,Sales,5950,1.25,27,10,9,18,4,3,0
E0550,33,14,Sales,8000,1.35,38,21,35,19,2,3,0
E0551,40,4,Sales,4200,1.01,15,1,46,2,3,5,0
E0552,38,11,Sales,7850,1.27,36,24,12,16,4,4,0
E0553,51,5,Sales,3750,0.65,27,18,41,23,3,2,0
E0554,42,3,IT,8000,1.35,38,34,9,0,3,2,1
E0555,43,6,R&D,7550,1.24,12,18,44,24,5,4,0
E0556,35,3,Sales,4250,0.95,22,54,2,23,4,3,0
E0557,35,8,Sales,5100,1.09,38,10,21,8,4,4,0
E0558,35,4,Operations,3300,0.82,1,24,44,12,3,4,0
E0559,43,8,IT,8000,1.18,9,5,9,7,4,3,0
E0560,35,4,Sales,4850,1.34,40,33,32,14,2,5,0
E0561,42,4,Sales,3900,0.98,17,52,1,16,2,3,0
E0562,60,5,Sales,5100,0.66,40,48,10,0,3,2,1
E0563,48,15,Sales,8000,1.18,14,23,45,22,3,4,0
E0564,36,14,Sales,8000,1.35,22,24,9,14,4,2,0
E0565,52,2,R&D,6150,1.13,36,50,19,0,3,4,0
E0566,35,3,Sales,4450,0.81,30,53,32,1,4,5,0
E0567,22,4,R&D,3300,0.84,27,54,6,1,4,4,1
E0568,29,0,Sales,5600,1.35,26,18,0,11,4,3,0
E0569,22,2,IT,5150,1.35,38,51,14,20,3,3,0
E0570,36,4,IT,5900,1.27,15,10,25,17,4,3,0
E0571,40,4,HR,4400,1.24,22,8,10,9,3,3,0
E0572,56,3,R&D,5550,0.99,12,2,26,12,2,3,0
E0573,43,4,R&D,4100,0.73,27,12,38,7,5,4,0
E0574,37,9,R&D,3550,0.77,15,34,6,5,2,4,0
E0575,48,0,Operations,4650,1.27,20,50,0,6,2,2,1
E0576,22,4,R&D,4900,1.35,24,37,13,8,4,3,0
E0577,42,0,IT,5700,1.13,2,28,0,7,3,4,0
E0578,47,5,IT,6900,1.09,8,24,9,24,4,3,0
E0579,25,4,R&D,4500,1.35,32,31,38,13,3,3,0
E0580,51,4,HR,4150,1.04,22,15,14,15,3,4,0
E0581,43,3,Sales,5550,1.09,38,50,29,2,3,4,0
E0582,35,5,Sales,4200,0.98,32,31,29,21,3,3,0
E0583,46,14,R&D,5450,0.85,1,31,7,22,3,4,0
E0584,60,2,Sales,8000,1.11,29,26,23,15,4,2,0
E0585,41,7,IT,8000,1.22,8,53,30,6,4,5,0
E0586,42,5,Sales,8000,1.35,36,11,2,8,5,2,0
E0587,35,2,R&D,3700,1.11,40,15,22,8,2,1,0
E0588,31,8,HR,2850,0.83,26,37,14,6,4,4,0
E0589,48,1,Operations,4100,0.92,32,24,12,11,4,2,1
E0590,31,4,R&D,4500,0.88,15,53,18,22,5,4,0
E0591,40,4,IT,4600,1.08,22,14,41,6,2,4,0
E0592,35,1,HR,3550,1.27,38,18,12,0,4,4,0
E0593,44,3,R&D,5600,1.01,12,53,17,15,4,5,0
E0594,43,3,Sales,5800,1.31,16,21,18,1,3,2,0
E0595,50,16,R&D,8000,1.03,22,24,48,18,4,4,0
E0596,34,4,Operations,1650,0.65,33,14,29,12,1,2,0
E0597,37,4,HR,3850,1.06,22,12,12,3,4,3,0
E0598,30,1,Operations,3600,0.95,38,34,6,15,5,4,0
E0599,35,6,R&D,5550,1.19,8,5,11,11,4,3,0
E0600,43,3,Sales,4350,0.94,22,50,33,16,3,3,0
E0601,47,13,Sales,6950,0.96,32,34,11,19,2,3,0
E0602,30,3,R&D,5050,1.24,15,10,23,21,5,3,0
E0603,48,4,Operations,4300,1.0,30,31,3,0,3,5,0
E0604,53,6,Operations,5050,1.17,12,25,35,3,1,1,0
E0605,44,7,R&D,6000,1.08,3,10,47,3,4,3,0
E0606,58,12,R&D,8000,0.88,9,9,13,11,3,4,0
E0607,32,3,R&D,1650,0.65,38,17,16,22,2,3,1
E0608,27,3,R&D,2550,0.79,27,31,17,5,3,1,1
E0609,22,4,Sales,2300,0.88,37,30,37,15,2,3,0
E0610,54,4,Sales,7000,1.05,20,26,22,3,4,3,0
E0611,46,3,Sales,7650,1.35,27,37,12,0,4,2,0
E0612,39,15,Sales,7250,0.98,24,37,8,26,4,4,0
E0613,42,5,Sales,6850,1.17,40,28,37,5,4,3,0
E0614,28,4,Sales,4900,1.13,36,37,40,14,4,5,0
E0615,60,18,HR,8000,0.91,34,17,31,10,4,4,0
E0616,41,4,R&D,4300,1.27,3,50,16,19,1,4,0
E0617,41,3,IT,5650,1.05,27,28,15,7,4,1,0
E0618,47,5,Sales,5300,0.99,24,48,15,13,3,3,0
E0619,44,9,R&D,6950,1.18,38,26,27,0,4,2,0
E0620,42,5,R&D,7600,1.35,16,10,15,12,4,4,0
E0621,32,2,Sales,4250,1.1,16,23,24,15,3,2,0
E0622,44,5,Operations,5550,1.15,22,18,45,13,5,2,0
E0623,58,12,Sales,6200,0.82,15,31,45,8,2,3,0
E0624,53,2,IT,8000,1.08,10,24,13,0,4,2,0
E0625,55,5,IT,3800,0.7,38,50,45,0,1,2,1
E0626,34,2,HR,2300,0.65,27,34,11,4,5,3,1
E0627,30,5,HR,2950,1.05,38,31,48,11,2,1,0
E0628,38,1,Operations,2450,0.82,38,7,12,1,2,1,0
E0629,40,3,R&D,5650,1.35,17,51,33,1,3,3,0
E0630,50,3,Operations,2950,0.65,27,50,28,12,3,4,0
E0631,23,2,Sales,4100,1.35,8,34,19,9,3,3,0
E0632,55,6,Sales,8000,0.99,38,17,9,16,4,3,0
E0633,38,2,R&D,4150,1.04,22,23,19,22,3,3,1
E0634,35,0,HR,1500,0.65,22,5,0,6,1,3,0
E0635,29,5,IT,2700,0.69,18,23,1,15,3,5,0
E0636,23,2,Sales,3750,1.08,23,10,23,1,4,1,0
E0637,48,5,Operations,4800,0.84,16,26,9,7,4,4,0
E0638,40,1,Sales,5600,1.14,22,33,7,0,4,4,0
E0639,27,5,R&D,4000,0.91,37,18,16,9,4,4,0
E0640,27,5,R&D,3500,0.88,38,21,32,0,3,2,0
E0641,36,5,R&D,2150,0.65,18,50,19,1,2,2,1
E0642,56,8,Sales,8000,1.08,24,2,38,27,3,4,0
E0643,37,4,R&D,4000,0.9,38,48,46,7,4,1,1
E0644,24,5,Operations,3300,1.12,3,10,17,25,5,4,0
E0645,37,6,R&D,3500,0.76,38,1,8,19,3,4,0
E0646,37,5,R&D,2450,0.71,15,7,7,5,1,4,0
E0647,22,4,Operations,3650,1.35,32,34,24,1,2,2,1
E0648,39,2,Operations,4300,1.35,27,17,22,6,3,4,0
E0649,37,17,R&D,8000,0.95,27,53,3,7,4,4,0
E0650,46,2,Sales,4150,0.85,38,22,24,13,2,4,0
E0651,58,4,IT,5350,0.7,9,4,44,10,5,1,1
E0652,51,3,HR,6900,1.35,22,31,0,0,3,1,0
E0653,37,4,Sales,6000,1.21,26,5,48,4,5,3,1
E0654,28,10,Sales,5300,1.11,38,37,43,0,4,2,0
E0655,60,2,Operations,5200,0.95,15,10,22,6,4,3,0
E0656,40,7,Sales,3450,0.65,37,17,46,8,4,4,0
E0657,40,12,IT,8000,1.2,22,37,27,17,4,3,0
E0658,39,5,Sales,4050,0.83,15,53,15,4,4,4,1
E0659,41,1,Operations,4500,1.16,36,18,9,8,4,1,0
E0660,38,3,R&D,5600,1.25,8,53,30,0,4,2,0
E0661,34,1,R&D,4800,1.22,26,10,1,0,5,1,0
E0662,34,4,IT,5450,1.03,3,51,0,16,4,3,0
E0663,39,5,R&D,7050,1.35,22,34,16,14,4,4,0
E0664,34,5,HR,2900,0.75,27,10,15,2,4,1,1
E0665,32,3,Sales,4050,1.11,27,9,36,21,3,3,0
E0666,41,4,Sales,4050,0.85,22,3,9,0,2,3,0
E0667,37,4,Sales,2800,0.65,22,15,37,6,3,5,0
E0668,55,9,Operations,7150,1.15,15,10,43,12,4,2,0
E0669,22,4,Sales,5100,1.35,23,33,30,9,4,2,0
E0670,50,5,Sales,8000,1.35,40,52,25,0,3,1,0
E0671,52,7,R&D,8000,1.3,38,4,48,0,4,3,0
E0672,22,3,Operations,1900,0.7,11,26,33,12,4,2,0
E0673,36,12,Operations,5850,1.35,2,23,5,9,1,4,0
E0674,36,7,Sales,5600,1.09,38,53,27,4,4,3,0
E0675,25,7,Sales,6550,1.35,26,24,41,12,4,3,0
E0676,32,5,IT,3600,0.89,26,23,12,20,2,3,0
E0677,28,10,Sales,4500,1.1,36,24,48,2,4,1,0
E0678,57,5,IT,5600,0.7,20,12,11,14,4,3,0
E0679,49,2,IT,5850,1.14,24,1,17,14,2,5,0
E0680,52,5,Operations,5100,1.19,40,17,39,6,2,4,0
E0681,47,7,Sales,5450,0.67,32,4,18,18,5,4,0
E0682,28,6,Operations,1950,0.65,12,23,7,25,3,4,0
E0683,34,12,Operations,5100,1.04,10,9,41,3,3,2,0
E0684,44,6,HR,4100,1.15,15,23,8,2,2,2,0
E0685,27,3,R&D,2950,0.81,36,8,7,21,4,1,0
E0686,47,5,Sales,4500,0.8,18,53,2,12,4,2,0
E0687,37,4,Sales,5750,1.12,2,53,21,0,4,2,1
E0688,36,2,R&D,5600,1.35,40,7,12,13,2,3,0
E0689,47,5,HR,4400,0.97,12,17,8,20,5,4,0
E0690,44,6,R&D,4150,0.77,1,25,45,18,3,4,1
E0691,36,6,R&D,4800,1.16,15,2,24,23,3,4,0
E0692,51,3,R&D,6150,1.15,15,15,7,5,3,5,0
E0693,29,4,Operations,2900,0.9,22,8,46,4,3,1,1
E0694,46,4,IT,8000,1.32,38,53,46,6,4,1,1
E0695,45,15,Sales,8000,0.95,38,53,44,10,5,4,0
E0696,36,2,R&D,3550,0.9,23,24,20,9,3,2,0
E0697,43,1,Sales,3300,0.73,22,24,12,1,4,2,0
E0698,27,1,HR,3800,1.35,27,53,0,0,4,3,1
E0699,49,7,Operations,8000,1.3,15,53,48,5,5,2,0
E0700,38,7,IT,4850,1.02,3,51,18,17,3,3,0
E0701,34,15,Sales,7450,1.16,40,6,2,22,4,3,0
E0702,50,5,IT,5800,0.9,15,7,45,12,3,3,1
E0703,32,2,Sales,4750,0.97,15,34,9,3,4,4,0
E0704,25,1,HR,1500,0.67,24,23,0,4,1,3,0
E0705,24,6,Sales,3100,0.73,24,4,28,12,4,2,1
E0706,46,3,IT,6450,1.17,1,2,17,1,3,2,0
E0707,27,3,R&D,4300,1.23,11,50,11,11,3,3,0
E0708,57,3,Operations,4950,0.95,22,53,36,10,4,4,0
E0709,22,2,Operations,2400,0.81,32,18,10,2,4,4,0
E0710,56,4,Sales,8000,1.09,15,53,8,10,4,4,0
E0711,42,3,Sales,4300,0.85,22,27,23,0,4,2,1
E0712,39,7,IT,5400,0.94,27,48,24,8,3,3,0
E0713,34,4,R&D,4350,1.14,38,21,24,8,4,3,0
E0714,43,3,Sales,3300,0.75,20,2,8,2,3,3,0
E0715,39,5,R&D,3900,0.92,10,18,11,14,1,3,0
E0716,51,2,HR,4450,1.09,24,21,10,12,4,3,0
E0717,41,4,Sales,5750,1.21,36,26,48,15,4,3,1
E0718,41,3,Sales,5300,0.97,9,5,27,15,4,4,0
E0719,36,5,Sales,8000,1.35,22,55,7,11,4,2,0
E0720,39,2,R&D,6050,1.3,1,11,9,5,4,4,0
E0721,43,6,IT,5050,0.88,2,7,24,15,2,2,0
E0722,22,3,IT,3200,0.99,24,23,35,9,2,1,1
E0723,26,4,Operations,5150,1.35,18,26,42,4,4,5,0
E0724,47,15,Sales,8000,1.11,38,18,8,19,3,5,0
E0725,41,4,IT,3300,0.72,27,34,40,15,2,1,1
E0726,38,4,R&D,5450,1.26,23,21,7,7,3,3,0
E0727,40,2,Sales,6550,1.33,22,28,2,15,4,2,0
E0728,43,3,IT,7450,1.35,24,31,17,0,3,3,0
E0729,34,2,Operations,3250,0.98,2,4,13,6,4,4,0
E0730,32,1,Operations,2950,0.95,38,26,2,3,4,5,0
E0731,41,13,Operations,4250,0.77,40,50,16,17,3,3,1
E0732,30,4,Sales,4650,1.03,14,4,35,10,4,3,0
E0733,44,4,Sales,6650,1.34,9,20,27,24,4,3,0
E0734,22,4,Operations,2700,0.94,11,53,14,9,4,2,0
E0735,50,2,Sales,5550,0.98,31,18,18,11,4,4,1
E0736,44,5,R&D,2450,0.65,31,21,21,10,1,4,0
E0737,42,8,Operations,7400,1.35,38,54,5,23,4,3,0
E0738,49,9,Operations,3650,0.8,36,7,46,17,3,3,0
E0739,56,2,R&D,7450,1.06,23,5,6,12,5,2,0
E0740,50,4,Operations,5400,1.12,29,53,43,8,4,1,0
E0741,22,4,Operations,3100,1.18,32,53,47,10,4,4,0
E0742,27,6,Operations,3350,1.07,26,21,8,12,3,3,0
E0743,33,5,Sales,3300,0.69,24,21,32,6,3,3,0
E0744,40,1,Sales,3900,0.71,30,50,4,5,3,3,0
E0745,45,12,R&D,8000,1.27,27,34,23,8,3,4,0
E0746,32,6,Sales,5950,1.35,30,8,1,5,3,2,0
E0747,41,5,Sales,4900,0.87,29,4,21,19,4,4,0
E0748,32,4,Sales,2500,0.69,33,21,47,20,2,4,0
E0749,33,5,R&D,4100,0.91,30,53,35,21,5,5,0
E0750,25,4,IT,5350,1.35,26,50,4,12,2,3,0
E0751,30,4,Sales,4000,0.87,32,53,6,8,5,2,1
E0752,26,8,Operations,4100,1.06,23,53,18,2,5,3,0
E0753,30,8,Operations,5850,1.35,15,27,37,15,4,3,0
E0754,50,2,Sales,5050,0.87,1,21,9,0,4,2,1
E0755,30,4,IT,3900,0.94,27,34,48,3,3,3,1
E0756,60,7,HR,7400,1.17,27,37,39,18,4,3,1
E0757,44,6,R&D,7900,1.35,40,23,45,2,3,4,0
E0758,41,3,Operations,3250,0.86,22,2,19,0,3,1,1
E0759,31,13,Sales,8000,1.35,22,53,27,15,4,3,0
E0760,47,5,Operations,4250,0.89,15,18,22,4,3,4,0
E0761,34,3,Sales,3600,0.97,4,18,36,0,4,4,0
E0762,41,3,Operations,4050,1.13,36,28,0,0,3,4,0
E0763,60,5,R&D,4950,0.65,15,31,38,8,3,4,0
E0764,39,1,Operations,3500,1.17,27,7,8,5,2,5,0
E0765,51,4,Sales,8000,1.35,32,50,8,10,2,3,0
E0766,32,2,Operations,4100,1.31,24,9,24,7,3,3,0
E0767,39,1,Operations,3000,0.88,38,7,1,14,2,1,1
E0768,57,2,R&D,6650,1.15,22,17,24,0,2,1,0
E0769,33,14,HR,3800,0.88,18,35,39,15,4,2,0
E0770,58,4,R&D,4200,0.7,38,51,5,10,1,2,1
E0771,47,2,IT,5600,1.07,38,51,22,9,4,2,0
E0772,34,9,R&D,4900,1.17,12,50,12,8,3,2,1
E0773,46,4,Operations,3450,0.73,2,10,32,20,4,1,1
E0774,49,5,Operations,4350,1.0,8,2,18,7,3,4,0
E0775,46,4,R&D,4800,0.92,18,23,14,8,3,1,0
E0776,24,3,Sales,5500,1.35,40,12,36,21,4,4,0
E0777,32,6,R&D,3000,0.83,27,50,24,0,3,2,1
E0778,37,15,Operations,4200,0.89,22,34,0,3,4,4,1
E0779,39,5,Sales,4500,1.19,38,51,11,0,2,4,0
E0780,46,4,R&D,8000,1.35,23,11,42,17,5,3,0
E0781,41,4,Operations,4500,1.21,20,21,28,2,3,4,0
E0782,26,3,R&D,3600,1.12,40,21,16,1,3,1,1
E0783,43,1,Operations,3750,1.04,38,11,12,11,4,5,0
E0784,46,1,Sales,5550,1.19,38,24,12,13,3,4,0
E0785,45,5,Sales,7200,1.31,26,21,6,5,4,4,0
E0786,50,6,Operations,4650,0.84,37,18,43,7,3,3,1
E0787,48,6,Sales,5050,0.78,14,18,12,16,4,3,0
E0788,44,3,Sales,3450,0.83,27,1,4,24,2,4,0
E0789,39,6,IT,7050,1.34,40,24,5,15,4,2,0
E0790,23,5,R&D,2550,0.79,18,17,33,17,4,3,1
E0791,44,6,IT,8000,1.35,37,0,21,4,3,1,0
E0792,42,1,IT,3650,0.8,24,9,12,2,2,5,0
E0793,42,3,Sales,5050,1.06,2,9,27,8,3,2,0
E0794,27,3,Sales,5200,1.27,36,18,9,13,5,2,0
E0795,29,6,Operations,2850,0.89,12,3,14,13,3,3,0
E0796,50,2,R&D,4450,0.79,30,21,2,19,3,4,0
E0797,39,9,Sales,4650,1.0,8,31,24,24,1,3,0
E0798,46,4,Operations,3450,0.79,40,28,33,0,3,2,1
E0799,40,13,Sales,5400,0.65,18,51,26,0,4,1,1
E0800,40,5,IT,4850,0.89,15,21,13,7,5,4,0
E0801,49,5,Sales,8000,1.29,10,24,37,5,4,5,0
E0802,34,2,Sales,4800,1.16,40,51,22,0,4,4,0
E0803,40,3,Sales,4100,0.79,32,21,36,17,4,3,0
E0804,35,5,IT,5200,1.29,35,31,2,1,2,4,0
E0805,35,4,Operations,2950,0.78,24,18,34,10,3,3,1
E0806,36,3,Operations,2350,0.65,24,20,12,4,4,3,0
E0807,42,1,R&D,6050,1.26,9,37,1,20,5,3,0
E0808,35,4,R&D,6800,1.35,27,10,23,15,4,3,0
E0809,52,2,Sales,6200,1.01,15,14,0,19,3,4,0
E0810,31,8,R&D,2750,0.78,40,7,31,25,3,3,0
E0811,38,7,HR,3700,0.96,37,15,7,6,3,2,0
E0812,35,5,Operations,4150,0.97,22,11,18,5,5,2,0
E0813,54,2,Sales,6800,1.22,12,27,8,0,4,1,1
E0814,41,4,IT,4450,0.66,36,51,27,2,4,3,0
E0815,50,6,Sales,5500,0.77,9,34,13,8,3,2,1
E0816,25,3,IT,2800,0.77,15,18,26,0,4,2,0
E0817,42,2,Sales,4800,0.85,15,51,17,0,3,3,1
E0818,48,15,R&D,5350,0.65,27,24,41,19,3,4,0
E0819,40,5,R&D,5700,1.24,36,20,40,13,4,4,0
E0820,50,5,R&D,3750,0.75,20,50,29,12,1,3,0
E0821,34,5,HR,1500,0.69,8,32,46,3,2,4,0
E0822,54,6,R&D,8000,1.0,24,37,36,15,5,5,0
E0823,60,4,R&D,8000,1.08,36,10,41,13,4,4,0
E0824,36,0,Operations,4400,1.35,15,21,0,7,3,3,0
E0825,35,16,Operations,3500,0.68,15,53,24,11,4,2,0
E0826,54,5,Operations,4350,0.81,40,21,12,23,3,5,0
E0827,55,6,Sales,7500,0.98,40,34,22,0,4,2,1
E0828,34,6,HR,4250,1.22,40,27,35,3,4,2,0
E0829,35,2,HR,2250,0.82,37,53,18,8,4,3,0
E0830,37,2,R&D,4850,1.19,15,12,20,2,4,1,0
E0831,26,3,R&D,2900,0.83,15,23,33,19,3,5,1
E0832,30,6,R&D,2500,0.65,21,2,35,5,3,3,1
E0833,29,4,Sales,3200,0.8,20,31,16,17,3,3,0
E0834,32,3,Sales,4450,1.05,40,33,21,15,3,3,0
E0835,39,3,Sales,3100,0.66,37,4,22,17,4,3,0
E0836,42,3,Operations,4550,1.23,33,31,1,2,3,1,0
E0837,55,14,Operations,6950,1.06,15,17,34,11,2,3,0
E0838,30,2,IT,3550,1.08,38,3,13,3,3,4,0
E0839,49,4,Operations,3700,0.82,38,21,46,6,5,3,0
E0840,37,4,Sales,3000,0.71,12,7,44,6,3,4,0
E0841,39,16,IT,7300,1.04,38,20,48,18,4,2,0
E0842,46,12,IT,5450,0.71,17,15,1,5,3,2,0
E0843,28,1,R&D,2700,0.88,7,34,2,7,2,2,1
E0844,43,5,HR,4750,1.35,30,34,15,9,3,3,0
E0845,41,5,IT,5300,0.91,30,28,42,16,4,4,0
E0846,44,6,HR,4100,1.07,8,4,43,25,4,4,0
E0847,42,6,IT,5550,1.04,20,53,24,4,4,3,0
E0848,60,1,Sales,7750,1.28,40,31,12,22,3,3,0
E0849,33,13,Sales,7050,1.34,32,1,1,18,2,4,0
E0850,34,3,R&D,5250,1.14,33,51,36,7,5,2,0
E0851,33,7,HR,3500,1.12,15,7,23,11,3,2,1
E0852,34,16,Operations,6150,1.08,7,26,29,11,4,5,0
E0853,33,3,IT,6550,1.35,17,24,24,5,4,3,0
E0854,51,4,R&D,6150,1.16,15,18,18,0,3,5,0
E0855,54,1,Sales,8000,1.26,15,53,9,7,4,3,0
E0856,34,4,Operations,2800,0.82,15,18,15,23,2,4,0
E0857,31,13,HR,2900,0.65,27,2,12,16,3,2,1
E0858,44,11,Sales,4900,0.82,20,50,47,3,2,2,1
E0859,34,2,R&D,3600,0.95,38,53,17,14,4,3,0
E0860,46,6,Operations,6900,1.35,14,31,7,12,3,2,0
E0861,42,4,Operations,5300,1.22,24,24,45,2,4,2,0
E0862,24,2,R&D,3250,0.89,1,5,12,0,5,2,1
E0863,55,7,R&D,8000,1.07,24,45,24,1,4,1,0
E0864,57,5,IT,7350,1.03,3,5,38,20,4,4,0
E0865,33,4,Operations,5100,1.35,40,2,20,16,3,3,0
E0866,36,6,R&D,4100,1.02,37,23,37,1,3,1,1
E0867,42,7,R&D,3500,0.65,24,7,40,2,3,2,1
E0868,43,3,Operations,4150,1.12,8,4,28,14,4,2,0
E0869,46,15,Sales,8000,1.01,27,21,5,28,5,3,0
E0870,60,6,Sales,6250,0.68,36,8,17,14,5,1,0
E0871,38,2,R&D,5150,1.11,15,10,16,11,4,4,0
E0872,32,5,R&D,7000,1.35,27,5,48,5,5,1,0
E0873,26,2,HR,1900,0.79,38,7,2,7,3,2,1
E0874,32,3,Sales,5500,1.25,36,34,26,1,4,4,0
E0875,39,1,Operations,3600,0.88,37,51,12,11,5,4,0
E0876,57,2,R&D,5650,0.92,38,18,6,5,3,1,0
E0877,34,3,Sales,4800,0.95,40,24,9,14,5,4,0
E0878,42,13,Sales,6600,1.12,22,1,9,10,3,3,0
E0879,39,6,IT,6400,1.23,27,5,37,18,4,4,0
E0880,51,1,IT,4600,0.83,37,11,3,4,4,3,0
E0881,60,5,Sales,8000,1.01,32,26,9,4,5,4,0
E0882,34,6,Operations,4200,1.08,40,34,34,14,3,5,0
E0883,35,6,HR,4600,1.23,1,28,34,0,4,2,1
E0884,50,3,IT,5150,0.94,22,18,36,22,4,3,0
E0885,46,4,R&D,3750,0.75,17,2,47,12,3,3,0
E0886,58,5,Operations,8000,1.18,16,37,19,6,4,1,0
E0887,45,4,Sales,4250,0.78,15,18,26,11,4,1,0
E0888,36,4,R&D,4750,1.11,32,36,10,14,4,2,0
E0889,45,4,IT,6900,1.32,8,21,48,14,3,3,0
E0890,51,4,HR,4100,0.88,35,34,18,20,3,3,1
E0891,48,5,R&D,7900,1.35,32,53,27,0,4,3,0
E0892,45,2,Sales,4450,0.79,15,50,5,1,3,1,1
E0893,50,3,Operations,3250,0.72,16,23,3,15,3,3,0
E0894,51,2,Operations,5900,1.25,30,24,24,5,5,5,0
E0895,53,1,R&D,5900,1.08,36,11,5,14,4,3,0
E0896,46,8,IT,8000,1.26,38,53,48,5,4,3,0
E0897,38,1,Sales,3200,0.7,38,19,12,0,3,4,0
E0898,41,10,R&D,5250,0.99,40,3,36,22,3,4,0
E0899,52,5,IT,5200,0.81,27,18,13,10,3,3,0
E0900,31,6,R&D,3950,0.91,38,3,30,27,3,4,0
E0901,43,3,Sales,5050,1.04,38,24,27,12,4,3,0
E0902,36,6,HR,3050,0.77,38,26,35,4,4,4,1
E0903,40,4,Operations,4350,1.07,1,14,43,1,3,2,0
E0904,52,3,Sales,4800,0.94,40,2,18,0,2,2,0
E0905,41,0,IT,6050,1.35,24,50,0,7,3,1,0
E0906,40,5,Operations,3100,0.86,37,34,41,1,2,4,0
E0907,26,8,Sales,6000,1.35,10,50,0,3,2,3,0
E0908,47,2,Operations,5350,1.2,22,18,22,18,5,2,1
E0909,46,3,R&D,7300,1.3,17,37,27,7,4,2,0
E0910,60,6,R&D,7800,0.98,18,24,47,5,4,4,1
E0911,36,1,Operations,2650,0.85,9,7,3,5,3,4,0
E0912,42,5,IT,6000,0.9,37,6,40,19,5,3,0
E0913,42,5,Sales,3900,0.65,1,17,17,20,4,3,0
E0914,55,7,R&D,7000,0.99,20,8,48,8,4,3,0
E0915,39,5,R&D,4750,1.12,13,52,46,6,3,3,0
E0916,42,1,R&D,5150,1.11,27,4,2,16,5,4,0
E0917,46,14,R&D,8000,1.09,16,21,48,15,4,2,0
E0918,41,6,Sales,5450,0.94,16,21,24,17,4,3,0
E0919,35,1,Operations,1800,0.65,24,9,12,11,2,3,0
E0920,41,1,R&D,8000,1.35,30,23,5,21,3,3,1
E0921,50,2,Sales,4400,0.84,9,7,18,0,3,3,0
E0922,29,6,Operations,4350,1.35,13,34,11,3,3,3,0
E0923,41,4,Operations,3000,0.65,15,17,24,9,4,2,0
E0924,32,5,R&D,3500,0.99,40,24,34,12,1,3,1
E0925,51,8,R&D,4650,0.89,22,31,0,16,2,2,1
E0926,24,6,Operations,1550,0.65,27,50,4,0,3,2,0
E0927,34,6,R&D,4000,0.91,15,50,0,11,3,1,1
E0928,43,3,Sales,4700,0.92,24,25,7,1,3,4,0
E0929,55,3,Operations,5100,0.81,5,18,17,17,4,3,0
E0930,39,4,Sales,5400,1.07,2,24,45,2,4,3,0
E0931,34,4,Sales,3200,0.97,24,34,23,10,1,4,0
E0932,58,5,Sales,6800,1.0,22,50,4,14,3,4,0
E0933,25,4,Sales,3700,1.13,10,2,3,5,3,3,0
E0934,22,4,Sales,3050,1.11,32,15,48,6,2,3,0
E0935,44,3,IT,5350,0.93,40,37,28,12,4,3,0
E0936,34,1,R&D,3200,1.03,22,21,0,19,4,3,0
E0937,29,3,Sales,4750,1.18,29,17,29,6,4,3,0
E0938,47,3,Sales,5250,0.91,40,20,12,5,4,4,0
E0939,42,3,IT,3650,0.81,38,25,2,3,1,4,0
E0940,34,6,R&D,6000,1.26,24,55,21,16,5,2,1
E0941,27,7,R&D,4600,1.1,35,24,7,5,4,2,0
E0942,48,5,IT,6000,0.86,10,10,17,1,5,3,0
E0943,46,4,R&D,5550,1.28,26,7,24,11,1,2,0
E0944,39,2,R&D,3700,0.75,17,4,15,8,5,1,1
E0945,58,0,Sales,4800,0.76,12,26,0,3,4,4,0
E0946,29,4,R&D,4800,1.2,22,26,19,19,4,2,0
E0947,24,3,R&D,4550,1.35,10,7,30,13,2,5,0
E0948,33,5,Operations,3350,0.98,32,34,29,13,4,4,0
E0949,39,3,R&D,5750,1.13,23,37,32,2,5,4,0
E0950,42,4,HR,2950,0.79,26,11,1,18,4,2,1
E0951,37,6,Sales,4150,0.75,11,17,24,2,4,2,1
E0952,43,3,Sales,7700,1.33,10,54,21,1,5,3,0
E0953,27,3,R&D,3750,1.02,27,15,6,1,3,2,0
E0954,54,4,IT,8000,1.29,40,37,41,12,4,2,0
E0955,39,5,R&D,5950,1.35,8,18,8,12,3,3,0
E0956,51,5,Operations,3550,0.66,18,51,16,9,5,2,1
E0957,43,4,Sales,3300,0.89,38,34,8,0,2,2,1
E0958,44,8,Sales,6850,1.17,4,34,19,16,4,4,0
E0959,45,6,Sales,3950,0.65,38,53,36,11,4,2,1
E0960,44,4,R&D,4100,0.81,26,53,34,0,4,1,1
E0961,46,3,Sales,7950,1.35,22,27,10,16,4,3,0
E0962,53,3,Sales,6100,0.81,19,11,27,7,5,5,0
E0963,41,4,Operations,5750,1.15,18,20,24,14,5,3,0
E0964,47,4,Sales,4750,0.99,19,34,45,0,2,2,1
E0965,39,3,HR,2750,0.79,38,31,1,10,3,3,1
E0966,54,4,R&D,3100,0.65,33,7,24,24,1,4,0
E0967,33,3,R&D,4050,0.97,32,1,23,23,3,4,0
E0968,58,5,HR,7850,1.35,37,34,47,5,4,3,0
E0969,39,2,R&D,4250,0.88,16,11,15,2,5,2,0
E0970,25,6,R&D,4100,1.08,29,24,18,2,4,3,0
E0971,41,5,Operations,2500,0.83,23,34,30,14,2,1,1
E0972,33,1,IT,2950,0.81,36,23,10,8,2,4,0
E0973,48,5,Sales,6750,1.12,19,5,5,7,4,4,0
E0974,33,4,Sales,5500,1.12,30,10,5,6,4,5,0
E0975,35,0,IT,4450,1.13,38,7,0,17,3,2,0
E0976,22,4,R&D,2400,0.68,22,11,31,7,5,1,1
E0977,35,4,HR,3450,0.83,3,26,38,2,5,3,1
E0978,22,4,R&D,2550,0.74,26,21,47,6,3,4,0
E0979,24,1,Sales,3550,1.01,22,10,12,4,5,4,1
E0980,47,2,HR,3550,0.9,32,2,2,11,3,2,0
E0981,47,2,R&D,6800,1.29,40,10,23,17,4,2,0
E0982,44,13,Sales,7400,1.16,24,51,40,21,3,3,0
E0983,30,3,R&D,4650,1.35,24,21,36,9,2,3,0
E0984,39,11,Operations,4950,0.89,30,53,37,15,5,4,0
E0985,39,3,HR,2300,0.84,9,50,16,4,3,3,1
E0986,28,3,Sales,5800,1.34,16,24,2,3,4,4,0
E0987,55,3,HR,4850,1.08,38,31,33,22,3,3,0
E0988,48,2,Operations,2850,0.76,32,7,11,6,1,4,0
E0989,37,3,Operations,3550,1.05,1,31,23,2,2,3,1
E0990,40,6,HR,4550,1.29,15,9,5,22,3,4,0
E0991,42,2,Sales,5150,1.02,32,53,9,2,4,2,1
E0992,22,4,Operations,2350,0.71,36,2,10,15,3,3,0
E0993,37,4,Operations,3600,0.79,38,37,47,18,4,2,1
E0994,33,3,Sales,4750,1.17,18,5,36,16,4,3,0
E0995,29,4,R&D,4250,0.96,38,53,47,0,4,2,1
E0996,37,3,R&D,5550,1.35,27,9,23,1,3,2,0
E0997,57,13,Operations,8000,0.97,32,34,17,8,5,5,0
E0998,46,6,Sales,4400,0.77,27,21,26,0,3,2,0
E0999,34,7,HR,6550,1.35,9,15,40,20,3,4,0
E1000,45,6,IT,6000,1.09,40,30,33,7,3,5,0
